﻿<window>
	<allowoverlay>no</allowoverlay>
	<controls>
		<control type="image" id="103">
			<description>Channel Bug</description>
			<posx>1140</posx>
			<posy>635</posy>
			<width>130</width>
			<height>75</height>
			<aspectratio>keep</aspectratio>
			<colordiffuse>60FFFFFF</colordiffuse>
			<animation effect="fade" start="100" end="50" time="0" condition="True">conditional</animation>
		</control>	
		<control type="group" id="102">
			<visible>!Window.IsActive(VideoOSD)</visible>
			<include>Animation_CommonFade</include>
			<include>Animation_FadedByOSDSettings</include>
			<!-- Background Image -->
			<control type="image">
				<posx>0</posx>
				<posy>0</posy>
				<width>1280</width>
				<height>80</height>
				<texture>osd/OSDdialogback_top.png</texture>
				<colordiffuse>OSDBackgroundColor</colordiffuse>
			</control>
			<!-- Plot -->
			<control type="textbox">
				<posx>225</posx>
				<posy>5</posy>
				<width>830</width>
				<height>70</height>
				<align>justify</align>
				<font>METF_PlotTextMedium</font>
				<textcolor>TextNF</textcolor>
				<label>$INFO[VideoPlayer.Plot]</label>
				<autoscroll time="4000" delay="16000" repeat="8000">Skin.HasSetting(AutoScroll)</autoscroll>
				<visible>!IsEmpty(VideoPlayer.Plot)</visible>
			</control>
			<include>OSD_Player_Time</include>		
			<include>OSD_Progress_Bar2</include>
			<include>OSD_Player_Details</include>
			<control type="group">
				<posx>3</posx>
				<posy>5</posy>
				<include>Animation_FadedByMenu</include>
				<include>Animation_CommonFade</include>
				<include>Animation_OpenCloseFade</include>
				<!-- MPAA Flags -->
				<control type="group">
					<posx>300</posx>
					<posy>650</posy>
					<control type="image">
						<include>MediaFlagsVarsMPAA</include>
						<texture>$VAR[MediaFlag_MPAA]</texture>
					</control>
					<control type="image">
						<posx>-10</posx>
						<posy>-4</posy>
						<width>66</width>
						<height>58</height>
						<texture>flags/flag_framesquare.png</texture>
						<colordiffuse>MediaFlagBoxDiffuse</colordiffuse>
					</control>
				</control>
				<!-- Rating Stars -->
				<control type="group">
					<posx>362</posx>
					<posy>650</posy>
					<control type="image">
						<posx>2</posx>
						<posy>4</posy>
						<width>42</width>
						<height>42</height>
						<texture>Star.png</texture>
						<colordiffuse>RatingStarDiffuse</colordiffuse>
					</control>
					<control type="label">
						<posx>-2</posx>
						<posy>0</posy>
						<width>50</width>
						<height>50</height>
						<align>center</align>
						<aligny>center</aligny>
						<label fallback="NA">$INFO[VideoPlayer.Rating]</label>
						<textcolor>MediaFlagDiffuse</textcolor>
						<font>METF_StarRating</font>
					</control>
					<control type="image">
						<posx>-10</posx>
						<posy>-4</posy>
						<width>66</width>
						<height>58</height>
						<texture>flags/flag_framesquare.png</texture>
						<colordiffuse>MediaFlagBoxDiffuse</colordiffuse>
					</control>
				</control>
			</control>
			<control type="group">
				<posx>167</posx>
				<posy>3</posy>
				<include>Animation_FadedByMenu</include>
				<include>Animation_CommonFade</include>
				<include>Animation_OpenCloseFade</include>
				<!-- Video Resolution -->
				<control type="group">
					<posx>240</posx>
					<posy>640</posy>
					<control type="image">
						<posx>22</posx>
						<posy>16</posy>
						<width>80</width>
						<height>40</height>
						<colordiffuse>MediaFlagDiffuse</colordiffuse>
						<texture fallback="flags/default.png">$INFO[VideoPlayer.VideoResolution,flags/VideoResolution/,.png]</texture>
					</control>
					<control type="image">
						<posx>8</posx>
						<posy>8</posy>
						<width>104</width>
						<height>54</height>
						<colordiffuse>MediaFlagBoxDiffuse</colordiffuse>
						<texture>flags/flag_frame.png</texture>
					</control>
				</control>
				<!-- Video Aspect-->
				<control type="group">
					<posx>335</posx>
					<posy>640</posy>
					<control type="image">
						<posx>22</posx>
						<posy>16</posy>
						<width>80</width>
						<height>40</height>
						<colordiffuse>MediaFlagDiffuse</colordiffuse>
						<texture fallback="flags/VideoAspect/default.png">$INFO[VideoPlayer.VideoAspect,flags/VideoAspect/,.png]</texture>
					</control>
					<control type="image">
						<posx>8</posx>
						<posy>8</posy>
						<width>104</width>
						<height>54</height>
						<colordiffuse>MediaFlagBoxDiffuse</colordiffuse>
						<texture>flags/flag_frame.png</texture>
					</control>
				</control>
				<!-- Video Codec -->
				<control type="group">
					<posx>430</posx>
					<posy>640</posy>
					<control type="image">
						<posx>21</posx>
						<posy>16</posy>
						<width>80</width>
						<height>40</height>
						<colordiffuse>MediaFlagDiffuse</colordiffuse>
						<texture fallback="flags/default.png">$INFO[VideoPlayer.VideoCodec,flags/VideoCodec/,.png]</texture>
					</control>
					<control type="image">
						<posx>8</posx>
						<posy>8</posy>
						<width>104</width>
						<height>54</height>
						<colordiffuse>MediaFlagBoxDiffuse</colordiffuse>
						<texture>flags/flag_frame.png</texture>
					</control>
				</control>
				<!-- Audio Codec -->
				<control type="group">
					<posx>525</posx>
					<posy>640</posy>
					<control type="image">
						<posx>21</posx>
						<posy>16</posy>
						<width>80</width>
						<height>40</height>
						<colordiffuse>MediaFlagDiffuse</colordiffuse>
						<texture fallback="flags/defaultsound.png">$INFO[VideoPlayer.AudioCodec,flags/AudioCodec/,.png]</texture>
					</control>
					<control type="image">
						<posx>8</posx>
						<posy>8</posy>
						<width>104</width>
						<height>54</height>
						<colordiffuse>MediaFlagBoxDiffuse</colordiffuse>
						<texture>flags/flag_frame.png</texture>
					</control>
				</control>
				<!-- Audio Channels -->
				<control type="group">
					<posx>620</posx>
					<posy>640</posy>
					<control type="image">
						<posx>20</posx>
						<posy>16</posy>
						<width>80</width>
						<height>40</height>
						<colordiffuse>MediaFlagDiffuse</colordiffuse>
						<texture fallback="flags/AudioChannels/DefaultChannels.png">$INFO[VideoPlayer.AudioChannels,flags/AudioChannels/,ch.png]</texture>
					</control>
					<control type="image">
						<posx>8</posx>
						<posy>8</posy>
						<width>104</width>
						<height>54</height>
						<colordiffuse>MediaFlagBoxDiffuse</colordiffuse>
						<texture>flags/flag_frame.png</texture>
					</control>
				</control>
				<!-- Subtitles -->
				<control type="group">
					<posx>728</posx>
					<posy>645</posy>
					<control type="image">
						<posx>5</posx>
						<posy>8</posy>
						<width>45</width>
						<height>45</height>
						<colordiffuse>MediaFlagDiffuse</colordiffuse>
						<texture>flags/cc.png</texture>
						<visible>!IsEmpty(VideoPlayer.SubtitleLanguage)</visible>
					</control>
					<control type="image">
						<posx>-2</posx>
						<posy>3</posy>
						<width>58</width>
						<height>54</height>
						<colordiffuse>MediaFlagBoxDiffuse</colordiffuse>
						<texture>flags/flag_framesquare.png</texture>
						<visible>!IsEmpty(VideoPlayer.SubtitleLanguage)</visible>
					</control>
				</control>
			</control>
			<include condition="Skin.HasSetting(DebugGrid)">Object_DebugGrid</include>
			<include condition="Skin.HasSetting(DebugMode)">Debug</include>
			<control type="group">
			<visible>false</visible>
				<control type="image" id="101">
					<posx>-10</posx>
					<posy>-10</posy>
					<width>1</width>
					<height>1</height>
					<texture>-</texture>
				</control>
				<control type="label" id="502">
					<posx>-10</posx>
					<posy>-10</posy>
					<width>1</width>
					<height>1</height>
				</control>
				<control type="label" id="503">
					<posx>-10</posx>
					<posy>-10</posy>
					<width>1</width>
					<height>1</height>
				</control>
				<control type="label" id="504">
					<posx>-10</posx>
					<posy>-10</posy>
					<width>1</width>
					<height>1</height>
				</control>
				<control type="label" id="505">
					<posx>-10</posx>
					<posy>-10</posy>
					<width>1</width>
					<height>1</height>
				</control>
				<control type="image" id="506">
					<posx>-10</posx>
					<posy>-10</posy>
					<width>1</width>
					<height>1</height>
					<texture>-</texture>
				</control>
			</control>		
		</control>
	</controls>
</window>
